{
  "technos": [
    {
      "id": 1,
      "name": "Angular",
      "description": "le framework front-end",
      "url": "https://angular.io/"
    },
    {
      "id": 2,
      "name": "Node",
      "description": "JavaScript côté backe-end",
      "url": "https://nodejs.org/en/"
    },
    {
      "id": 3,
      "name": "MongoDB",
      "description": "la célèbre base noSQL",
      "url": "https://www.mongodb.com/"
    },
    {
      "id": 4,
      "name": "PWA",
      "description": "rendre vos applications ++",
      "url": "https://developer.mozilla.org/en-US/Apps/Progressive"
    },
    {
      "name": "React",
      "description": "Concurrent d'Angular",
      "url": "https://reactjs.org/",
      "id": 5
    },
    {
      "name": "Meteor",
      "description": "full stack JS",
      "url": "https://www.meteor.com/",
      "id": 6
    }
  ]
}